{
  "config": {
    "run_name": "exp1_3_L3_K64-128-256",
    "out_dir": "./results",
    "seed": 42,
    "bs_train": 128,
    "bs_test": 32,
    "batches": 100,
    "epochs": 10,
    "early_stopping": 3,
    "checkpoints": null,
    "lr": 0.001,
    "reg": 0.001,
    "filters_per_layer": [
      64,
      128,
      256
    ],
    "layers_per_block": 3,
    "pool_every": 3,
    "hidden_dims": [
      100
    ],
    "ycn": false,
    "kw": {}
  },
  "results": {
    "num_epochs": 0,
    "train_loss": [
      2.3037946224212646,
      2.3034632205963135,
      2.303211212158203,
      2.3030192852020264
    ],
    "train_acc": [
      9.6953125,
      9.6953125,
      9.6953125,
      9.6953125
    ],
    "test_loss": [
      2.3031423091888428,
      2.302932024002075,
      2.3027825355529785,
      2.3026726245880127
    ],
    "test_acc": [
      10.21875,
      10.21875,
      10.21875,
      10.21875
    ]
  }
}