{
  "config": {
    "run_name": "exp1_1_K32_L8",
    "out_dir": "./results",
    "seed": 42,
    "bs_train": 128,
    "bs_test": 32,
    "batches": 100,
    "epochs": 10,
    "early_stopping": 3,
    "checkpoints": null,
    "lr": 0.001,
    "reg": 0.001,
    "filters_per_layer": [
      32
    ],
    "layers_per_block": 8,
    "pool_every": 4,
    "hidden_dims": [
      100
    ],
    "ycn": false,
    "kw": {}
  },
  "results": {
    "num_epochs": 0,
    "train_loss": [
      2.3036727905273438,
      2.3033387660980225,
      2.303091049194336,
      2.302908182144165
    ],
    "train_acc": [
      10.2109375,
      10.2109375,
      10.2109375,
      10.2109375
    ],
    "test_loss": [
      2.3032798767089844,
      2.3030519485473633,
      2.302889823913574,
      2.3027713298797607
    ],
    "test_acc": [
      10.46875,
      10.46875,
      10.46875,
      10.46875
    ]
  }
}