{
  "config": {
    "run_name": "exp1_2_K258_L4",
    "out_dir": "./results",
    "seed": 42,
    "bs_train": 128,
    "bs_test": 32,
    "batches": 100,
    "epochs": 10,
    "early_stopping": 3,
    "checkpoints": null,
    "lr": 0.001,
    "reg": 0.001,
    "filters_per_layer": [
      258
    ],
    "layers_per_block": 4,
    "pool_every": 2,
    "hidden_dims": [
      100
    ],
    "ycn": false,
    "kw": {}
  },
  "results": {
    "num_epochs": 0,
    "train_loss": [
      2.3028907775878906,
      2.3012120723724365,
      2.2983756065368652,
      2.291799306869507,
      2.269512891769409,
      2.1635243892669678,
      2.0176522731781006,
      1.9787033796310425,
      1.9453989267349243,
      1.9090620279312134
    ],
    "train_acc": [
      10.2109375,
      10.2109375,
      10.2109375,
      12.3828125,
      15.40625,
      21.9140625,
      27.5234375,
      28.9765625,
      30.3984375,
      31.7265625
    ],
    "test_loss": [
      2.3017446994781494,
      2.299774646759033,
      2.2958245277404785,
      2.285085916519165,
      2.2419216632843018,
      2.056366443634033,
      2.001654863357544,
      1.9622740745544434,
      1.9321483373641968,
      1.8997750282287598
    ],
    "test_acc": [
      10.5,
      10.5,
      10.875,
      14.65625,
      17.28125,
      25.78125,
      28.34375,
      30.03125,
      31.3125,
      32.59375
    ]
  }
}