{
  "config": {
    "run_name": "exp1_1_K64_L8",
    "out_dir": "./results",
    "seed": 42,
    "bs_train": 128,
    "bs_test": 32,
    "batches": 100,
    "epochs": 10,
    "early_stopping": 3,
    "checkpoints": null,
    "lr": 0.001,
    "reg": 0.001,
    "filters_per_layer": [
      64
    ],
    "layers_per_block": 8,
    "pool_every": 4,
    "hidden_dims": [
      100
    ],
    "ycn": false,
    "kw": {}
  },
  "results": {
    "num_epochs": 0,
    "train_loss": [
      2.304920196533203,
      2.3042824268341064,
      2.303800106048584,
      2.3034331798553467,
      2.303157091140747
    ],
    "train_acc": [
      9.546875,
      10.03125,
      10.2109375,
      10.2109375,
      10.2109375
    ],
    "test_loss": [
      2.3039259910583496,
      2.303485155105591,
      2.3031628131866455,
      2.3029279708862305,
      2.3027637004852295
    ],
    "test_acc": [
      9.75,
      10.5,
      10.5,
      10.5,
      10.5
    ]
  }
}