{
  "config": {
    "run_name": "exp1_1_K32_L2",
    "out_dir": "./results",
    "seed": 42,
    "bs_train": 128,
    "bs_test": 32,
    "batches": 100,
    "epochs": 10,
    "early_stopping": 3,
    "checkpoints": null,
    "lr": 0.001,
    "reg": 0.001,
    "filters_per_layer": [
      32
    ],
    "layers_per_block": 2,
    "pool_every": 1,
    "hidden_dims": [
      100
    ],
    "ycn": false,
    "kw": {}
  },
  "results": {
    "num_epochs": 0,
    "train_loss": [
      2.303938150405884,
      2.3000667095184326,
      2.2963576316833496,
      2.29105281829834,
      2.282216787338257,
      2.26516056060791,
      2.228144884109497,
      2.1509037017822266,
      2.058201789855957,
      2.0073070526123047
    ],
    "train_acc": [
      10.3515625,
      10.375,
      11.328125,
      16.359375,
      20.7890625,
      21.8984375,
      23.125,
      24.171875,
      26.046875,
      27.78125
    ],
    "test_loss": [
      2.3021340370178223,
      2.2986485958099365,
      2.29429030418396,
      2.2875683307647705,
      2.275728464126587,
      2.251438617706299,
      2.197417736053467,
      2.1008713245391846,
      2.0264053344726562,
      1.995758295059204
    ],
    "test_acc": [
      10.125,
      10.375,
      13.40625,
      18.6875,
      21.46875,
      22.25,
      23.8125,
      25.21875,
      28.15625,
      28.8125
    ]
  }
}