{
  "config": {
    "run_name": "exp1_2_K64_L4",
    "out_dir": "./results",
    "seed": 42,
    "bs_train": 128,
    "bs_test": 32,
    "batches": 100,
    "epochs": 10,
    "early_stopping": 3,
    "checkpoints": null,
    "lr": 0.001,
    "reg": 0.001,
    "filters_per_layer": [
      64
    ],
    "layers_per_block": 4,
    "pool_every": 2,
    "hidden_dims": [
      100
    ],
    "ycn": false,
    "kw": {}
  },
  "results": {
    "num_epochs": 0,
    "train_loss": [
      2.3036584854125977,
      2.3029141426086426,
      2.302218198776245,
      2.3013999462127686,
      2.3003549575805664,
      2.2986948490142822,
      2.2958197593688965
    ],
    "train_acc": [
      9.6953125,
      9.6953125,
      9.6953125,
      10.0703125,
      12.7265625,
      11.1484375,
      10.890625
    ],
    "test_loss": [
      2.302712917327881,
      2.3021087646484375,
      2.3014485836029053,
      2.300598621368408,
      2.2993581295013428,
      2.297224998474121,
      2.293306350708008
    ],
    "test_acc": [
      10.21875,
      10.21875,
      10.21875,
      13.125,
      11.96875,
      11.65625,
      11.40625
    ]
  }
}