{
  "config": {
    "run_name": "exp1_1_K64_L4",
    "out_dir": "./results",
    "seed": 42,
    "bs_train": 128,
    "bs_test": 32,
    "batches": 100,
    "epochs": 10,
    "early_stopping": 3,
    "checkpoints": null,
    "lr": 0.001,
    "reg": 0.001,
    "filters_per_layer": [
      64
    ],
    "layers_per_block": 4,
    "pool_every": 2,
    "hidden_dims": [
      100
    ],
    "ycn": false,
    "kw": {}
  },
  "results": {
    "num_epochs": 0,
    "train_loss": [
      2.3036584854125977,
      2.3029143810272217,
      2.302218198776245,
      2.3014001846313477,
      2.3003556728363037,
      2.2986955642700195,
      2.29582142829895
    ],
    "train_acc": [
      9.6953125,
      9.6953125,
      9.6953125,
      10.0703125,
      12.7421875,
      11.1953125,
      10.8984375
    ],
    "test_loss": [
      2.302712917327881,
      2.3021085262298584,
      2.3014485836029053,
      2.3005993366241455,
      2.299358367919922,
      2.2972261905670166,
      2.293307065963745
    ],
    "test_acc": [
      10.21875,
      10.21875,
      10.21875,
      13.125,
      12.09375,
      11.6875,
      11.34375
    ]
  }
}