{
  "config": {
    "run_name": "exp1_2_K258_L2",
    "out_dir": "./results",
    "seed": 42,
    "bs_train": 128,
    "bs_test": 32,
    "batches": 100,
    "epochs": 10,
    "early_stopping": 3,
    "checkpoints": null,
    "lr": 0.001,
    "reg": 0.001,
    "filters_per_layer": [
      258
    ],
    "layers_per_block": 2,
    "pool_every": 1,
    "hidden_dims": [
      100
    ],
    "ycn": false,
    "kw": {}
  },
  "results": {
    "num_epochs": 0,
    "train_loss": [
      2.297694206237793,
      2.268820285797119,
      2.192310094833374,
      2.0642409324645996,
      1.9886428117752075,
      1.9508973360061646,
      1.9158551692962646,
      1.8771699666976929,
      1.8336442708969116,
      1.7888785600662231
    ],
    "train_acc": [
      10.3828125,
      13.40625,
      22.484375,
      27.1953125,
      28.96875,
      30.6875,
      32.5078125,
      34.1640625,
      35.921875,
      37.34375
    ],
    "test_loss": [
      2.2865893840789795,
      2.242304563522339,
      2.128894805908203,
      2.0216848850250244,
      1.9771599769592285,
      1.9457918405532837,
      1.9119035005569458,
      1.869389295578003,
      1.8283411264419556,
      1.7913621664047241
    ],
    "test_acc": [
      10.6875,
      16.125,
      23.6875,
      28.1875,
      29.875,
      31.375,
      32.46875,
      34.71875,
      35.84375,
      37.40625
    ]
  }
}