{
  "config": {
    "run_name": "exp1_3_L1_K64-128-256",
    "out_dir": "./results",
    "seed": 42,
    "bs_train": 128,
    "bs_test": 32,
    "batches": 100,
    "epochs": 10,
    "early_stopping": 3,
    "checkpoints": null,
    "lr": 0.001,
    "reg": 0.001,
    "filters_per_layer": [
      64,
      128,
      256
    ],
    "layers_per_block": 1,
    "pool_every": 1,
    "hidden_dims": [
      100
    ],
    "ycn": false,
    "kw": {}
  },
  "results": {
    "num_epochs": 0,
    "train_loss": [
      2.303767442703247,
      2.3010191917419434,
      2.2983388900756836,
      2.2951245307922363,
      2.2907402515411377,
      2.283989906311035,
      2.272279977798462,
      2.2486560344696045,
      2.196209192276001,
      2.1073594093322754
    ],
    "train_acc": [
      10.0078125,
      10.3515625,
      14.71875,
      12.6484375,
      13.2265625,
      16.3125,
      18.7890625,
      20.7734375,
      22.84375,
      25.2265625
    ],
    "test_loss": [
      2.302211046218872,
      2.2996468544006348,
      2.2968475818634033,
      2.293231725692749,
      2.288008213043213,
      2.2795119285583496,
      2.263815402984619,
      2.229968786239624,
      2.1559083461761475,
      2.069457530975342
    ],
    "test_acc": [
      9.65625,
      12.375,
      13.53125,
      11.8125,
      13.78125,
      16.5625,
      18.75,
      20.90625,
      23.9375,
      26.34375
    ]
  }
}