{
  "config": {
    "run_name": "exp1_2_K64_L2",
    "out_dir": "./results",
    "seed": 42,
    "bs_train": 128,
    "bs_test": 32,
    "batches": 100,
    "epochs": 10,
    "early_stopping": 3,
    "checkpoints": null,
    "lr": 0.001,
    "reg": 0.001,
    "filters_per_layer": [
      64
    ],
    "layers_per_block": 2,
    "pool_every": 1,
    "hidden_dims": [
      100
    ],
    "ycn": false,
    "kw": {}
  },
  "results": {
    "num_epochs": 0,
    "train_loss": [
      2.300872802734375,
      2.2914791107177734,
      2.276618480682373,
      2.247400999069214,
      2.187892198562622,
      2.097675323486328,
      2.0186803340911865,
      1.973454236984253,
      1.9443997144699097,
      1.9173475503921509
    ],
    "train_acc": [
      9.9921875,
      14.6484375,
      21.015625,
      21.6328125,
      24.8046875,
      26.6484375,
      28.875,
      30.3515625,
      31.6328125,
      32.8046875
    ],
    "test_loss": [
      2.2959342002868652,
      2.2850422859191895,
      2.2651336193084717,
      2.2239630222320557,
      2.1451971530914307,
      2.05417799949646,
      2.000197172164917,
      1.9722154140472412,
      1.9506653547286987,
      1.9286314249038696
    ],
    "test_acc": [
      9.65625,
      21.625,
      18.6875,
      22.78125,
      27.03125,
      28.46875,
      29.4375,
      30.4375,
      31.6875,
      32.71875
    ]
  }
}