{
  "config": {
    "run_name": "exp1_3_L4_K64-128-256",
    "out_dir": "./results",
    "seed": 42,
    "bs_train": 128,
    "bs_test": 32,
    "batches": 100,
    "epochs": 10,
    "early_stopping": 3,
    "checkpoints": null,
    "lr": 0.001,
    "reg": 0.001,
    "filters_per_layer": [
      64,
      128,
      256
    ],
    "layers_per_block": 4,
    "pool_every": 4,
    "hidden_dims": [
      100
    ],
    "ycn": false,
    "kw": {}
  },
  "results": {
    "num_epochs": 0,
    "train_loss": [
      2.3033483028411865,
      2.3031117916107178,
      2.302932024002075,
      2.3027939796447754
    ],
    "train_acc": [
      10.3515625,
      10.3515625,
      10.3515625,
      10.3515625
    ],
    "test_loss": [
      2.303421974182129,
      2.3032116889953613,
      2.3030498027801514,
      2.302926540374756
    ],
    "test_acc": [
      10.125,
      10.125,
      10.125,
      10.125
    ]
  }
}