{
  "config": {
    "run_name": "exp1_2_K32_L2",
    "out_dir": "./results",
    "seed": 42,
    "bs_train": 128,
    "bs_test": 32,
    "batches": 100,
    "epochs": 10,
    "early_stopping": 3,
    "checkpoints": null,
    "lr": 0.001,
    "reg": 0.001,
    "filters_per_layer": [
      32
    ],
    "layers_per_block": 2,
    "pool_every": 1,
    "hidden_dims": [
      100
    ],
    "ycn": false,
    "kw": {}
  },
  "results": {
    "num_epochs": 0,
    "train_loss": [
      2.303938150405884,
      2.3000669479370117,
      2.2963578701019287,
      2.2910537719726562,
      2.2822186946868896,
      2.2651617527008057,
      2.228142738342285,
      2.1508984565734863,
      2.0581672191619873,
      2.0073068141937256
    ],
    "train_acc": [
      10.3515625,
      10.375,
      11.328125,
      16.3671875,
      20.796875,
      21.921875,
      23.1171875,
      24.2109375,
      26.078125,
      27.7734375
    ],
    "test_loss": [
      2.3021340370178223,
      2.2986485958099365,
      2.294290065765381,
      2.287569284439087,
      2.275726795196533,
      2.2514328956604004,
      2.1974174976348877,
      2.100846767425537,
      2.0264174938201904,
      1.995727300643921
    ],
    "test_acc": [
      10.125,
      10.375,
      13.40625,
      18.71875,
      21.46875,
      22.3125,
      23.8125,
      25.15625,
      28.03125,
      28.8125
    ]
  }
}