{
  "config": {
    "run_name": "exp1_1_K32_L16",
    "out_dir": "./results",
    "seed": 42,
    "bs_train": 128,
    "bs_test": 32,
    "batches": 100,
    "epochs": 10,
    "early_stopping": 3,
    "checkpoints": null,
    "lr": 0.001,
    "reg": 0.001,
    "filters_per_layer": [
      32
    ],
    "layers_per_block": 16,
    "pool_every": 8,
    "hidden_dims": [
      100
    ],
    "ycn": false,
    "kw": {}
  },
  "results": {
    "num_epochs": 0,
    "train_loss": [
      2.3031527996063232,
      2.302940845489502,
      2.3027827739715576,
      2.302666664123535,
      2.3025805950164795,
      2.3025171756744385
    ],
    "train_acc": [
      9.5859375,
      9.5859375,
      9.53125,
      10.3515625,
      10.3515625,
      10.3515625
    ],
    "test_loss": [
      2.303325653076172,
      2.3031232357025146,
      2.302971124649048,
      2.3028571605682373,
      2.3027727603912354,
      2.3027074337005615
    ],
    "test_acc": [
      9.625,
      9.625,
      10.125,
      10.125,
      10.125,
      10.125
    ]
  }
}