{
  "config": {
    "run_name": "exp1_1_K64_L16",
    "out_dir": "./results",
    "seed": 42,
    "bs_train": 128,
    "bs_test": 32,
    "batches": 100,
    "epochs": 10,
    "early_stopping": 3,
    "checkpoints": null,
    "lr": 0.001,
    "reg": 0.001,
    "filters_per_layer": [
      64
    ],
    "layers_per_block": 16,
    "pool_every": 8,
    "hidden_dims": [
      100
    ],
    "ycn": false,
    "kw": {}
  },
  "results": {
    "num_epochs": 0,
    "train_loss": [
      2.3043789863586426,
      2.3038992881774902,
      2.3035409450531006,
      2.3032684326171875,
      2.303056001663208,
      2.302891492843628
    ],
    "train_acc": [
      9.78125,
      9.78125,
      9.796875,
      10.0234375,
      10.15625,
      10.046875
    ],
    "test_loss": [
      2.303711414337158,
      2.3033692836761475,
      2.303116798400879,
      2.302926540374756,
      2.302783966064453,
      2.302677631378174
    ],
    "test_acc": [
      9.75,
      9.75,
      9.84375,
      9.84375,
      9.84375,
      9.84375
    ]
  }
}