{
  "config": {
    "run_name": "exp1_1_K64_L2",
    "out_dir": "./results",
    "seed": 42,
    "bs_train": 128,
    "bs_test": 32,
    "batches": 100,
    "epochs": 10,
    "early_stopping": 3,
    "checkpoints": null,
    "lr": 0.001,
    "reg": 0.001,
    "filters_per_layer": [
      64
    ],
    "layers_per_block": 2,
    "pool_every": 1,
    "hidden_dims": [
      100
    ],
    "ycn": false,
    "kw": {}
  },
  "results": {
    "num_epochs": 0,
    "train_loss": [
      2.300872564315796,
      2.291480302810669,
      2.2766191959381104,
      2.2475357055664062,
      2.188138484954834,
      2.0979433059692383,
      2.0188405513763428,
      1.973490595817566,
      1.9443618059158325,
      1.9172366857528687
    ],
    "train_acc": [
      9.9921875,
      14.6484375,
      21.0234375,
      21.5625,
      24.7734375,
      26.703125,
      28.8828125,
      30.359375,
      31.5859375,
      32.8046875
    ],
    "test_loss": [
      2.2959342002868652,
      2.2850427627563477,
      2.265157461166382,
      2.2241690158843994,
      2.1454524993896484,
      2.054396867752075,
      2.0003368854522705,
      1.972225546836853,
      1.9500205516815186,
      1.9282640218734741
    ],
    "test_acc": [
      9.65625,
      21.625,
      18.59375,
      22.6875,
      26.96875,
      28.46875,
      29.4375,
      30.34375,
      31.625,
      32.6875
    ]
  }
}